filename,created_at,subm_ts,subm_id
submissions/1____tiger2005.cpp,2024-08-17 10:39:14 -0400,1723905554,556312210
submissions/2____Kude.cpp,2024-08-17 10:39:58 -0400,1723905598,1359009342
submissions/3____Chen Xiaoyan.cpp,2024-08-17 10:39:53 -0400,1723905593,556312520
submissions/4____physics0523.cpp,2024-08-17 10:43:15 -0400,1723905795,1359019456
submissions/5____Ajayreddy.cpp,2024-08-17 10:36:17 -0400,1723905377,1358999278
submissions/6____idanro12.cpp,2024-08-17 10:44:37 -0400,1723905877,1359023789
submissions/7____jonathanirvings.cpp,2024-08-17 10:44:52 -0400,1723905892,1359024614
submissions/8____Joey Woodson.java,2024-08-17 10:46:25 -0400,1723905985,1359029360
submissions/9____Paul Chen.cpp,2024-08-17 10:46:59 -0400,1723906019,1359031073
submissions/10____ç‰§ç€¬ ç´…è‰æ –.py,2024-08-17 10:48:41 -0400,1723906121,556316303
submissions/11____Joshua Chen.py,2024-08-17 10:43:21 -0400,1723905801,1359019730
submissions/12____Robin Vermote.py,2024-08-17 10:48:56 -0400,1723906136,1359037166
submissions/13____Xiaomeng Yang.cpp,2024-08-17 10:43:59 -0400,1723905839,1359021721
submissions/14____qdd1999.cpp,2024-08-17 10:49:26 -0400,1723906166,1359038652
submissions/15____fmota.cpp,2024-08-17 10:41:03 -0400,1723905663,1359012605
submissions/16____Pavlo Soroka.cpp,2024-08-17 10:51:39 -0400,1723906299,1359045749
submissions/17____Tran Xuan Bach.cpp,2024-08-17 10:51:18 -0400,1723906278,1359044602
submissions/18____TsReaper.cpp,2024-08-17 10:48:53 -0400,1723906133,556316386
submissions/19____Takuki Kurokawa.cpp,2024-08-17 10:43:59 -0400,1723905839,1359021744
submissions/20____å°å¼ºä¸å’¸é±¼çš„çˆ±æƒ…æ•…äº‹.cpp,2024-08-17 10:49:05 -0400,1723906145,556316480
submissions/21____Dylan Smith.cpp,2024-08-17 10:48:51 -0400,1723906131,1359036902
submissions/22____Ujimatsu_Chiya.cpp,2024-08-17 10:54:36 -0400,1723906476,556318674
submissions/23____Bogdan.cpp,2024-08-17 10:52:52 -0400,1723906372,1359049787
submissions/24____Daniel Chang.cpp,2024-08-17 10:49:25 -0400,1723906165,1359038641
submissions/25____Hongrock.cpp,2024-08-17 10:50:18 -0400,1723906218,556316984
submissions/26____jwpassion1.cpp,2024-08-17 10:56:11 -0400,1723906571,1359060304
submissions/27____gooday.cpp,2024-08-17 10:55:50 -0400,1723906550,556320380
submissions/28____sysu_lcq.cpp,2024-08-17 10:46:23 -0400,1723905983,556315376
submissions/29____yoochun.cpp,2024-08-17 10:52:11 -0400,1723906331,556317787
submissions/30____Sergey Dimitrov.cpp,2024-08-17 10:56:18 -0400,1723906578,1359060675
submissions/31____Tan Nguyen Nguyen.cpp,2024-08-17 10:52:12 -0400,1723906332,1359047561
submissions/32____ä½å¤©æ³ªå­ ğŸŒ¼.cpp,2024-08-17 10:54:00 -0400,1723906440,556318457
submissions/33____PyIsBestLang.py,2024-08-17 10:49:54 -0400,1723906194,556316826
submissions/34____PyIsTheBestLang.py,2024-08-17 11:00:02 -0400,1723906802,556321818
submissions/35____smalukav.cpp,2024-08-17 10:58:50 -0400,1723906730,1359069217
submissions/36____scotchtape.cpp,2024-08-17 10:56:03 -0400,1723906563,1359059878
submissions/37____xymabinogi.cpp,2024-08-17 10:59:14 -0400,1723906754,1359070596
submissions/38____Jeffrey Hui.cpp,2024-08-17 10:50:21 -0400,1723906221,1359041535
submissions/39____rgb234rgb.java,2024-08-17 10:51:22 -0400,1723906282,556317457
submissions/40____TangJing.cpp,2024-08-17 11:02:23 -0400,1723906943,556322632
submissions/41____omhari.cpp,2024-08-17 11:01:26 -0400,1723906886,1359078084
submissions/42____newhar.cpp,2024-08-17 11:03:38 -0400,1723907018,556323059
submissions/43____q1w2e3r4.cpp,2024-08-17 10:59:08 -0400,1723906748,556321522
submissions/44____tomarin.rs,2024-08-17 10:59:32 -0400,1723906772,1359071692
submissions/45____Daniel.cs,2024-08-17 11:05:24 -0400,1723907124,1359091272
submissions/46____hank55663.cpp,2024-08-17 11:00:58 -0400,1723906858,1359076523
submissions/47____Ynez.java,2024-08-17 11:06:38 -0400,1723907198,556324109
submissions/48____DDD.cpp,2024-08-17 11:06:56 -0400,1723907216,1359096308
submissions/49____w285714.cpp,2024-08-17 10:56:51 -0400,1723906611,556320745
submissions/50____lihaicoder.py,2024-08-17 10:57:06 -0400,1723906626,1359063455
submissions/51____leva94.py,2024-08-17 11:00:31 -0400,1723906831,1359074987
submissions/52____DBN.py,2024-08-17 11:02:29 -0400,1723906949,1359081208
submissions/53____Leachim.rs,2024-08-17 11:02:31 -0400,1723906951,556322677
submissions/54____Scarlet.cpp,2024-08-17 11:07:36 -0400,1723907256,556324469
submissions/55____ahmedefendi735.cpp,2024-08-17 10:52:44 -0400,1723906364,1359049339
submissions/56____orangear.py,2024-08-17 11:04:10 -0400,1723907050,556323261
submissions/57____scanhex.cpp,2024-08-17 10:53:06 -0400,1723906386,1359050519
submissions/58____VILLANOVA_ECON.py,2024-08-17 11:04:45 -0400,1723907085,1359089134
submissions/59____undercat.cpp,2024-08-17 11:04:45 -0400,1723907085,556323474
submissions/60____Pratik Patil.cpp,2024-08-17 11:04:47 -0400,1723907087,1359089265
submissions/61____ç»†èŒå°å­.py,2024-08-17 11:10:06 -0400,1723907406,556325372
submissions/62____Artemi Ogolikhin.cpp,2024-08-17 10:53:31 -0400,1723906411,1359051898
submissions/63____Skhirtladze.cpp,2024-08-17 11:05:38 -0400,1723907138,1359092072
submissions/64____TinySnow.cpp,2024-08-17 11:11:02 -0400,1723907462,556325664
submissions/65____Nika Doghonadze.py,2024-08-17 11:11:03 -0400,1723907463,1359108813
submissions/66____liouzhou_101.cpp,2024-08-17 11:05:57 -0400,1723907157,556323910
submissions/67____ç»´è™µå‘½.cpp,2024-08-17 11:01:28 -0400,1723906888,556322345
submissions/68____JeremyZhang96.py,2024-08-17 11:07:23 -0400,1723907243,556324392
submissions/69____bogdansharpy.py,2024-08-17 11:07:29 -0400,1723907249,1359098009
submissions/70____Blagojche Bale Pavleski.cpp,2024-08-17 11:02:44 -0400,1723906964,1359082131
submissions/71____Fasdr.java,2024-08-17 11:07:46 -0400,1723907266,1359098925
submissions/72____Ahmad Romy Zahran.cpp,2024-08-17 11:07:41 -0400,1723907261,1359098654
submissions/73____metaphysicalist.py,2024-08-17 10:55:58 -0400,1723906558,1359059616
submissions/74____æœªåŠ æ ‡ç­¾.py,2024-08-17 11:13:25 -0400,1723907605,556326493
submissions/75____Maruzensky.py,2024-08-17 11:13:24 -0400,1723907604,1359115703
submissions/76____dirigibility.py,2024-08-17 11:13:29 -0400,1723907609,1359115964
submissions/77____some_idiot.cpp,2024-08-17 10:55:04 -0400,1723906504,556320075
submissions/78____Ecstatic 6olickgQB.cpp,2024-08-17 10:58:55 -0400,1723906735,556321430
submissions/79____Prashant Dhaka.cpp,2024-08-17 11:04:11 -0400,1723907051,1359087225
submissions/80____Tetsuro TANAKA.py,2024-08-17 11:13:59 -0400,1723907639,1359117403
submissions/81____Suryxin.cpp,2024-08-17 11:09:49 -0400,1723907389,556325272
submissions/82____rvrty5.cpp,2024-08-17 11:01:07 -0400,1723906867,1359077085
submissions/83____mortihoo.py,2024-08-17 11:05:19 -0400,1723907119,1359091038
submissions/84____æœ‰çº¦æŸå°±åº”è¯¥æœ‰æ–¹ç¨‹.py,2024-08-17 10:55:21 -0400,1723906521,556320181
submissions/85____Nguyá»…n Tháº£o.py,2024-08-17 11:05:30 -0400,1723907130,1359091643
submissions/86____Ferrriccc.cpp,2024-08-17 11:15:32 -0400,1723907732,1359121809
submissions/87____89829224.py,2024-08-17 11:15:59 -0400,1723907759,1359123013
submissions/88____ä¸€åªæ³¢æ–¯çŒ«.rs,2024-08-17 11:06:27 -0400,1723907187,556324064
submissions/89____Knarf.java,2024-08-17 11:06:31 -0400,1723907191,556324081
submissions/90____Turkhuu Batbayar.cpp,2024-08-17 11:11:56 -0400,1723907516,1359111333
submissions/91____DDD.cpp,2024-08-17 11:07:16 -0400,1723907236,556324344
submissions/92____nayan21100.cpp,2024-08-17 11:17:37 -0400,1723907857,1359127444
submissions/93____Qiye.cpp,2024-08-17 11:12:38 -0400,1723907558,556326237
submissions/94____bofeng07.py,2024-08-17 11:12:51 -0400,1723907571,1359114069
submissions/95____Jonas.java,2024-08-17 11:13:49 -0400,1723907629,1359116891
submissions/96____Tagir Gumerov.py,2024-08-17 11:08:51 -0400,1723907331,1359102295
submissions/97____huiget.py,2024-08-17 11:04:20 -0400,1723907060,556323320
submissions/98____Milesian.cpp,2024-08-17 11:09:33 -0400,1723907373,556325149
submissions/99____Wake.cpp,2024-08-17 11:14:39 -0400,1723907679,1359119343
submissions/100____kmjp.cpp,2024-08-17 11:09:46 -0400,1723907386,1359104987
submissions/101____Ivan Vasilenko.py,2024-08-17 11:15:17 -0400,1723907717,1359121100
submissions/102____Yashesh Bhavsar.java,2024-08-17 11:15:21 -0400,1723907721,1359121324
submissions/103____vuduyanhhoang33.cpp,2024-08-17 11:00:39 -0400,1723906839,1359075388
submissions/104____rui_er.cpp,2024-08-17 10:55:54 -0400,1723906554,556320403
submissions/105____Dhruv Pasricha.cpp,2024-08-17 11:15:35 -0400,1723907735,1359121943
submissions/106____Mayank Pushpjeet.cpp,2024-08-17 11:21:01 -0400,1723908061,1359136494
submissions/107____hocln.cpp,2024-08-17 11:06:05 -0400,1723907165,1359093551
submissions/108____é£ç—•ä¾æ—§.py,2024-08-17 11:11:15 -0400,1723907475,556325747
submissions/109____Yuva Prasad.py,2024-08-17 11:16:19 -0400,1723907779,1359123897
submissions/110____mickey.cpp,2024-08-17 11:16:22 -0400,1723907782,556327455
submissions/111____seedalink60.cpp,2024-08-17 11:16:26 -0400,1723907786,1359124169
submissions/112____Zakhar Tsvirka.cpp,2024-08-17 11:21:29 -0400,1723908089,1359137689
submissions/113____Dragos Ristache.cpp,2024-08-17 11:11:14 -0400,1723907474,1359109332
submissions/114____é‚ªç‹çœŸçœ¼æœ€å¼º.cpp,2024-08-17 11:21:47 -0400,1723908107,556329265
submissions/115____summerdaway.cpp,2024-08-17 11:11:44 -0400,1723907504,556325935
submissions/116____jai_hanumant.java,2024-08-17 11:12:03 -0400,1723907523,1359111690
submissions/117____hhhhyf.cpp,2024-08-17 11:17:42 -0400,1723907862,556327907
submissions/118____Joo-Won Jung.js,2024-08-17 11:17:09 -0400,1723907829,1359126162
submissions/119____Hughstudy.java,2024-08-17 11:06:57 -0400,1723907217,556324231
submissions/120____zsq007.py,2024-08-17 11:17:47 -0400,1723907867,1359127896
submissions/121____Larry.py,2024-08-17 11:13:06 -0400,1723907586,1359114817
submissions/122____D V Sushmanth Reddy.py,2024-08-17 11:23:17 -0400,1723908197,1359142332
submissions/123____zhou2003.cpp,2024-08-17 11:02:17 -0400,1723906937,556322607
submissions/124____Amous.cpp,2024-08-17 11:08:58 -0400,1723907338,1359102620
submissions/125____Simon Huang.cpp,2024-08-17 11:19:18 -0400,1723907958,1359132032
submissions/126____drizzlo.cpp,2024-08-17 11:04:14 -0400,1723907054,556323285
submissions/127____Bismit Purohit.cpp,2024-08-17 11:09:30 -0400,1723907370,1359104208
submissions/128____satc.cpp,2024-08-17 11:20:09 -0400,1723908009,556328689
submissions/129____VIVEK ASHOKAN.java,2024-08-17 11:20:47 -0400,1723908047,1359135853
submissions/130____Tiny Snow.cpp,2024-08-17 11:10:51 -0400,1723907451,1359108257
submissions/131____lm105013.py,2024-08-17 11:20:52 -0400,1723908052,1359136092
submissions/132____RUSH_D_CAT.cpp,2024-08-17 11:10:39 -0400,1723907439,556325533
submissions/133____Leeisateam.cpp,2024-08-17 11:11:02 -0400,1723907462,1359108760
submissions/134____Tejasvi Arya.cpp,2024-08-17 11:20:51 -0400,1723908051,1359136052
submissions/135____zyf123321.cpp,2024-08-17 11:11:26 -0400,1723907486,556325811
submissions/136____FulongMa.py,2024-08-17 11:21:35 -0400,1723908095,556329210
submissions/137____zhunter.java,2024-08-17 11:16:39 -0400,1723907799,556327557
submissions/138____Adoring Bhabha.py,2024-08-17 11:06:43 -0400,1723907203,556324138
submissions/139____Kanstantsin Vilcheuski.cpp,2024-08-17 11:16:54 -0400,1723907814,1359125465
submissions/140____Frank Rodriguez.java,2024-08-17 11:17:12 -0400,1723907832,1359126264
submissions/141____AB-IN.py,2024-08-17 11:12:15 -0400,1723907535,556326113
submissions/142____Xiaoping Hu.cpp,2024-08-17 11:27:17 -0400,1723908437,1359152609
submissions/143____Sai Krishna.cpp,2024-08-17 11:27:19 -0400,1723908439,1359152744
submissions/144____zrer9737.py,2024-08-17 11:12:25 -0400,1723907545,556326174
submissions/145____OuterRidgeSavage.cpp,2024-08-17 11:22:39 -0400,1723908159,1359140675
submissions/146____Abhishek Thakur.cpp,2024-08-17 11:17:47 -0400,1723907867,1359127926
submissions/147____Ayush Agrawal.cpp,2024-08-17 11:22:52 -0400,1723908172,1359141254
submissions/148____samliu12.cpp,2024-08-17 11:22:59 -0400,1723908179,1359141567
submissions/149____CHANDRAPRABHU.cpp,2024-08-17 11:27:43 -0400,1723908463,1359153758
submissions/150____å“ˆå“ˆå“ˆæˆ‘å¥½å¿«ä¹å•Š.py,2024-08-17 11:22:55 -0400,1723908175,556329623
submissions/151____cheng-liang-yu.py,2024-08-17 11:28:06 -0400,1723908486,556331207
submissions/152____lilPeep.cpp,2024-08-17 11:23:15 -0400,1723908195,1359142255
submissions/153____mastoori1234.cpp,2024-08-17 11:09:45 -0400,1723907385,1359104948
submissions/154____Wittgenstein.py,2024-08-17 11:18:26 -0400,1723907906,1359129592
submissions/155____lee0560.py,2024-08-17 11:28:35 -0400,1723908515,556331333
submissions/156____Abhishek.cpp,2024-08-17 11:01:03 -0400,1723906863,1359076814
submissions/157____wanghy012.py,2024-08-17 11:24:03 -0400,1723908243,1359144348
submissions/158____ss_loves_AC.cpp,2024-08-17 11:14:20 -0400,1723907660,1359118405
submissions/159____Gradesking.cpp,2024-08-17 11:29:11 -0400,1723908551,556331505
submissions/160____Funny Kalam78P.py,2024-08-17 11:24:27 -0400,1723908267,556330085
submissions/161____faibzlz.cpp,2024-08-17 11:14:41 -0400,1723907681,556326888
submissions/162____Piyush Raj.cpp,2024-08-17 11:09:45 -0400,1723907385,1359104968
submissions/163____ThomasC.py,2024-08-17 11:29:46 -0400,1723908586,556331705
submissions/164____chengxia you.py,2024-08-17 11:15:16 -0400,1723907716,1359121068
submissions/165____silvertint10.py,2024-08-17 11:30:28 -0400,1723908628,556331937
submissions/166____Vlad.cpp,2024-08-17 11:15:30 -0400,1723907730,1359121725
submissions/167____Neal@é˜³è°·å¿.cpp,2024-08-17 11:24:31 -0400,1723908271,1359145566
submissions/168____leon.py,2024-08-17 11:15:48 -0400,1723907748,1359122521
submissions/169____lqybzx.cpp,2024-08-17 11:15:24 -0400,1723907724,556327129
submissions/170____Kuo-Yu Huang.cpp,2024-08-17 11:06:08 -0400,1723907168,1359093717
submissions/171____g129512.java,2024-08-17 11:25:41 -0400,1723908341,1359148532
submissions/172____Shicheng Chen.cpp,2024-08-17 11:16:21 -0400,1723907781,1359124012
submissions/173____eatfood.py,2024-08-17 11:26:23 -0400,1723908383,1359150236
submissions/174____RopoC.cpp,2024-08-17 11:26:38 -0400,1723908398,1359150898
submissions/175____JJZin.py,2024-08-17 11:11:58 -0400,1723907518,1359111451
submissions/176____è‹¥è®·.cpp,2024-08-17 11:22:01 -0400,1723908121,556329340
submissions/177____Vincent911025.cpp,2024-08-17 11:17:10 -0400,1723907830,1359126192
submissions/178____Linyuan Gong.py,2024-08-17 11:32:06 -0400,1723908726,1359164623
submissions/179____çš“é¦–ä¸å€¦.GRH.py,2024-08-17 11:31:49 -0400,1723908709,556332391
submissions/180____Jianfeng Wang.kt,2024-08-17 11:27:12 -0400,1723908432,1359152373
submissions/181____Fkaiser7.cpp,2024-08-17 11:27:34 -0400,1723908454,1359153354
submissions/182____miniAtom.py,2024-08-17 11:22:41 -0400,1723908161,556329558
submissions/183____Aakash.cpp,2024-08-17 11:22:43 -0400,1723908163,1359140879
submissions/184____Lastprism.cpp,2024-08-17 11:03:02 -0400,1723906982,556322862
submissions/185____6reat ShternSeA.cpp,2024-08-17 11:17:05 -0400,1723907825,556327717
submissions/186____Russ741.py,2024-08-17 11:28:37 -0400,1723908517,1359155939
submissions/187____Himanshu yadav.cpp,2024-08-17 11:33:26 -0400,1723908806,1359167882
submissions/188____Han3000.py,2024-08-17 11:29:01 -0400,1723908541,556331461
submissions/189____palebluedot.java,2024-08-17 11:19:02 -0400,1723907942,556328340
submissions/190____Ahmed Yahia.cpp,2024-08-17 11:24:17 -0400,1723908257,1359144946
submissions/191____Runze Yu.py,2024-08-17 11:18:50 -0400,1723907930,1359130755
submissions/192____HaKu.kt,2024-08-17 11:19:28 -0400,1723907968,556328482
submissions/193____Darren Hp.cpp,2024-08-17 11:09:57 -0400,1723907397,556325314
submissions/194____skyinde2.py,2024-08-17 11:29:58 -0400,1723908598,1359159298
submissions/195____Vyacheslav Zakharov.cpp,2024-08-17 11:19:47 -0400,1723907987,1359133320
submissions/196____MyCaastl.cpp,2024-08-17 11:34:54 -0400,1723908894,1359171429
submissions/197____ZCode.py,2024-08-17 11:05:09 -0400,1723907109,556323628
submissions/198____drunkenButterfly.py,2024-08-17 11:25:20 -0400,1723908320,1359147658
submissions/199____babinclaudiu.cpp,2024-08-17 11:10:12 -0400,1723907412,1359106363
submissions/200____CRUDking.cpp,2024-08-17 11:15:27 -0400,1723907727,556327143
submissions/201____Zephyroo.py,2024-08-17 11:30:29 -0400,1723908629,1359160583
submissions/202____akshay_rajput.cpp,2024-08-17 11:24:45 -0400,1723908285,1359146139
submissions/203____freetime.py,2024-08-17 11:30:48 -0400,1723908648,556332045
submissions/204____é›¾åˆ‡.py,2024-08-17 11:21:07 -0400,1723908067,556329039
submissions/205____StackEnqueue2.cpp,2024-08-17 11:16:08 -0400,1723907768,1359123409
submissions/206____Asuka.cpp,2024-08-17 11:26:11 -0400,1723908371,556330627
submissions/207____Lyuben Georgiev.go,2024-08-17 11:26:17 -0400,1723908377,1359150005
submissions/208____him_anshu_yadav.cpp,2024-08-17 11:31:25 -0400,1723908685,1359162904
submissions/209____Tejas.java,2024-08-17 11:26:35 -0400,1723908395,1359150788
submissions/210____Ketan Raut.py,2024-08-17 11:31:40 -0400,1723908700,1359163567
submissions/211____çƒ.cpp,2024-08-17 11:26:42 -0400,1723908402,556330799
submissions/212____æœ±å¼˜å†›.cpp,2024-08-17 11:36:45 -0400,1723909005,556333993
submissions/213____Yash Kale.cpp,2024-08-17 11:31:48 -0400,1723908708,1359163930
submissions/214____Ajit.cpp,2024-08-17 11:26:51 -0400,1723908411,1359151470
submissions/215____lixiangfan97.cpp,2024-08-17 11:24:51 -0400,1723908291,1359146378
submissions/216____pku_erutan.py,2024-08-17 11:16:57 -0400,1723907817,556327667
submissions/217____SHHK.cpp,2024-08-17 11:27:03 -0400,1723908423,556330905
submissions/218____kevincabbage.cpp,2024-08-17 11:32:14 -0400,1723908734,556332544
submissions/219____Srikkanth R.cpp,2024-08-17 11:07:28 -0400,1723907248,1359097973
submissions/220____fsj-o.cpp,2024-08-17 11:09:48 -0400,1723907388,556325269
submissions/221____plevande.py,2024-08-17 11:07:53 -0400,1723907273,1359099282
submissions/222____Vasanth Reddy.cpp,2024-08-17 11:07:48 -0400,1723907268,1359099025
submissions/223____jam.java,2024-08-17 11:28:01 -0400,1723908481,1359154473
submissions/224____Yifeng.cpp,2024-08-17 11:33:05 -0400,1723908785,1359167022
submissions/225____arsread.java,2024-08-17 11:23:34 -0400,1723908214,1359143105
submissions/226____Manmeet Singh.cpp,2024-08-17 11:18:37 -0400,1723907917,1359130125
submissions/227____Matt Akin.cpp,2024-08-17 11:38:11 -0400,1723909091,1359179246
submissions/228____ggstddu.cpp,2024-08-17 11:18:47 -0400,1723907927,556328256
submissions/229____glader.cpp,2024-08-17 11:24:14 -0400,1723908254,556330014
submissions/230____Di Kang.py,2024-08-17 11:34:14 -0400,1723908854,1359169850
submissions/231____VimT.rs,2024-08-17 11:29:28 -0400,1723908568,556331605
submissions/232____Guardian-or-nothing.cpp,2024-08-17 11:24:41 -0400,1723908281,1359145972
submissions/233____xish.java,2024-08-17 11:34:53 -0400,1723908893,556333435
submissions/234____ç–æ±.py,2024-08-17 11:25:07 -0400,1723908307,556330279
submissions/235____è¨å§†.py,2024-08-17 11:06:55 -0400,1723907215,556324220
submissions/236____JedLam.py,2024-08-17 11:30:18 -0400,1723908618,1359160123
submissions/237____äº‘ä¸Šå¯’çƒŸ.cs,2024-08-17 11:30:21 -0400,1723908621,556331891
submissions/238____leoyu0813.cpp,2024-08-17 11:30:23 -0400,1723908623,1359160338
submissions/239____Chou.cpp,2024-08-17 11:30:34 -0400,1723908634,1359160797
submissions/240____bhavanireddy_04.cpp,2024-08-17 11:25:43 -0400,1723908343,1359148590
submissions/241____Manan Rathod.py,2024-08-17 11:20:26 -0400,1723908026,1359134976
submissions/242____MSA TANZEEL.cpp,2024-08-17 11:40:41 -0400,1723909241,1359184957
submissions/243____Shanwitha.cpp,2024-08-17 11:41:03 -0400,1723909263,1359185860
submissions/244____snowflake.cpp,2024-08-17 11:36:26 -0400,1723908986,556333891
submissions/245____Ethan.cpp,2024-08-17 11:36:35 -0400,1723908995,1359175384
submissions/246____Choon Hean Lew.cpp,2024-08-17 11:31:33 -0400,1723908693,1359163262
submissions/247____Mohd Fahad.java,2024-08-17 11:26:24 -0400,1723908384,1359150292
submissions/248____Asagi.cpp,2024-08-17 11:26:57 -0400,1723908417,1359151751
submissions/249____æ—­æ—¥ä¸œå‡.cpp,2024-08-17 11:21:58 -0400,1723908118,556329328
submissions/250____Aditya Sharma.cpp,2024-08-17 11:42:10 -0400,1723909330,1359188446
submissions/251____nihao.cpp,2024-08-17 11:32:16 -0400,1723908736,556332565
submissions/252____Shubham Jain.cpp,2024-08-17 11:32:17 -0400,1723908737,1359165063
submissions/253____hum.java,2024-08-17 11:32:31 -0400,1723908751,556332654
submissions/254____FunnyBorgq9Z.cpp,2024-08-17 11:37:36 -0400,1723909056,556334285
submissions/255____ABHIJEET KUMAR.cpp,2024-08-17 11:42:39 -0400,1723909359,1359189544
submissions/256____yuzining.cpp,2024-08-17 11:32:42 -0400,1723908762,556332712
submissions/257____Naresh Babu.py,2024-08-17 11:32:47 -0400,1723908767,1359166298
submissions/258____gaoqiaoheimu.cpp,2024-08-17 11:28:08 -0400,1723908488,1359154737
submissions/259____celerystalk.py,2024-08-17 11:38:15 -0400,1723909095,1359179378
submissions/260____ybbb.py,2024-08-17 11:28:25 -0400,1723908505,1359155478
submissions/261____åƒæ•°.cpp,2024-08-17 11:33:28 -0400,1723908808,556332941
submissions/262____Yang Su.py,2024-08-17 11:43:31 -0400,1723909411,1359191557
submissions/263____Abineth.cpp,2024-08-17 11:13:59 -0400,1723907639,1359117407
submissions/264____Dyxuki.py,2024-08-17 11:24:06 -0400,1723908246,1359144474
submissions/265____å¤œäº‘.py,2024-08-17 11:19:29 -0400,1723907969,556328492
submissions/266____Chandrachur M.cpp,2024-08-17 11:39:32 -0400,1723909172,1359182327
submissions/267____nicolaSaporetti.cpp,2024-08-17 11:39:51 -0400,1723909191,1359183086
submissions/268____grainmad.cpp,2024-08-17 11:39:45 -0400,1723909185,556334926
submissions/269____å°å’©è‚–æ©.py,2024-08-17 11:20:07 -0400,1723908007,556328676
submissions/270____é†‰é‡ŒæŒ‘ç¯çœ‹å‰‘.py,2024-08-17 11:35:05 -0400,1723908905,556333497
submissions/271____Om Mittal.cpp,2024-08-17 11:30:24 -0400,1723908624,1359160396
submissions/272____Meng-Hsuan Wu.py,2024-08-17 11:45:02 -0400,1723909502,1359194954
submissions/273____Ryan Zhang.cpp,2024-08-17 11:40:33 -0400,1723909233,1359184684
submissions/274____Daniel.cpp,2024-08-17 11:35:59 -0400,1723908959,556333762
submissions/275____TIEN-YI.cpp,2024-08-17 11:36:01 -0400,1723908961,1359174061
submissions/276____kjjllldebug.py,2024-08-17 11:21:03 -0400,1723908063,556329027
submissions/277____Alexander Zabluda.py,2024-08-17 11:26:03 -0400,1723908363,1359149452
submissions/278____ä¸ä¼šdpä¸æ”¹å.cpp,2024-08-17 11:31:08 -0400,1723908668,556332153
submissions/279____s_saurabh.py,2024-08-17 11:26:32 -0400,1723908392,1359150639
submissions/280____Arijoy Majumdar.cpp,2024-08-17 11:26:42 -0400,1723908402,1359151076
submissions/281____Abhishek Sultaniya.cpp,2024-08-17 11:21:58 -0400,1723908118,1359138939
submissions/282____Spryzen.cpp,2024-08-17 11:31:58 -0400,1723908718,1359164340
submissions/283____Jackie Cheung.cpp,2024-08-17 11:32:03 -0400,1723908723,1359164519
submissions/284____nihonge.cpp,2024-08-17 11:32:10 -0400,1723908730,556332529
submissions/285____ry51.py,2024-08-17 11:32:14 -0400,1723908734,1359164956
submissions/286____Srihari K B.cpp,2024-08-17 11:32:23 -0400,1723908743,1359165347
submissions/287____kjhave.cpp,2024-08-17 11:42:27 -0400,1723909347,1359189094
submissions/288____liang sheng.cpp,2024-08-17 11:42:27 -0400,1723909347,556335766
submissions/289____è½æ—¥ä½™æ™–.cpp,2024-08-17 11:37:31 -0400,1723909051,556334263
submissions/290____ç›–ä¼¦çš„ç§˜å¯†.java,2024-08-17 11:32:34 -0400,1723908754,556332666
submissions/291____Prakhar.cpp,2024-08-17 11:32:45 -0400,1723908765,1359166236
submissions/292____spadreams.java,2024-08-17 11:27:47 -0400,1723908467,1359153947
submissions/293____Shawn.py,2024-08-17 11:32:52 -0400,1723908772,556332762
submissions/294____Vansh Bilwal.cpp,2024-08-17 11:28:07 -0400,1723908487,1359154684
submissions/295____tfunk116.java,2024-08-17 11:33:10 -0400,1723908790,1359167207
submissions/296____Deepak Saini.cpp,2024-08-17 11:33:17 -0400,1723908797,1359167513
submissions/297____Nikhil Thogaru.cpp,2024-08-17 11:43:35 -0400,1723909415,1359191703
submissions/298____Chanakya_01.cpp,2024-08-17 11:28:43 -0400,1723908523,1359156195
submissions/299____natchsiri.py,2024-08-17 11:18:48 -0400,1723907928,1359130618
submissions/300____Only My Railgun.py,2024-08-17 11:29:00 -0400,1723908540,1359156906
submissions/301____Antithesis.cpp,2024-08-17 11:19:06 -0400,1723907946,556328367
submissions/302____wswartworth.py,2024-08-17 11:39:07 -0400,1723909147,1359181390
submissions/303____Siddharth1411.cpp,2024-08-17 11:44:12 -0400,1723909452,1359193113
submissions/304____Dong fang.cpp,2024-08-17 11:14:03 -0400,1723907643,1359117567
submissions/305____Mohit.java,2024-08-17 11:49:27 -0400,1723909767,1359205021
submissions/306____yanghedada.py,2024-08-17 11:39:29 -0400,1723909169,556334851
submissions/307____Ajmera Sanjaykumar.cpp,2024-08-17 11:47:29 -0400,1723909649,1359200528
submissions/308____Basim256.cpp,2024-08-17 11:29:39 -0400,1723908579,1359158526
submissions/309____Justin.py,2024-08-17 11:49:51 -0400,1723909791,556337993
submissions/310____ç»ˆä¸è´Ÿå°‘å¹´æ¸¸.py,2024-08-17 11:34:59 -0400,1723908899,556333462
submissions/311____Krishna Gopal Agarwal.cpp,2024-08-17 11:35:02 -0400,1723908902,1359171756
submissions/312____Anass.py,2024-08-17 11:40:05 -0400,1723909205,1359183608
submissions/313____quyse.cpp,2024-08-17 11:40:06 -0400,1723909206,1359183643
submissions/314____Ayush Sharma.cpp,2024-08-17 11:34:59 -0400,1723908899,1359171619
submissions/315____Hao Ting.cpp,2024-08-17 11:30:12 -0400,1723908612,1359159872
