fileId,username,rank,submit_ts,subm_id
2,Kude,0,1723905580,1359008450
3,physics0523,1,1723905787,1359019003
0,Ajayreddy,2,1723905420,1359001032
1,idanro12,3,1723905892,1359024618
4,jonathanirvings,4,1723905903,1359025175
8,Joey Woodson,5,1723905966,1359028340
5,Paul Chen,6,1723906045,1359032476
6,Joshua Chen,7,1723905808,1359020107
9,Robin Vermote,8,1723906125,1359036592
7,Xiaomeng Yang,9,1723905852,1359022407
12,qdd1999,10,1723906136,1359037160
10,fmota,11,1723905683,1359013592
13,Pavlo Soroka,12,1723906228,1359041889
11,Tran Xuan Bach,13,1723906323,1359047101
15,Takuki Kurokawa,14,1723905845,1359022059
14,Dylan Smith,15,1723906164,1359038573
16,Bogdan,16,1723906469,1359054966
17,Daniel Chang,17,1723906219,1359041455
20,jwpassion1,18,1723906398,1359051181
19,Sergey Dimitrov,19,1723906712,1359068227
18,Tan Nguyen Nguyen,20,1723906420,1359052338
21,smalukav,21,1723906858,1359076527
22,scotchtape,22,1723906271,1359044247
23,xymabinogi,23,1723906889,1359078242
24,Jeffrey Hui,24,1723906296,1359045625
26,omhari,25,1723906986,1359083456
25,tomarin,26,1723906611,1359062648
28,Daniel,27,1723906121,1359036441
27,hank55663,28,1723906892,1359078405
31,DDD,29,1723907206,1359095732
29,lihaicoder,30,1723906640,1359064193
30,leva94,31,1723906861,1359076719
32,DBN,32,1723906828,1359074811
34,ahmedefendi735,33,1723906467,1359054831
33,scanhex,34,1723906470,1359055033
35,VILLANOVA_ECON,35,1723906242,1359042651
36,Pratik Patil,36,1723906346,1359048369
37,Artemi Ogolikhin,37,1723906507,1359056943
38,Skhirtladze,38,1723907094,1359089612
39,Nika Doghonadze,39,1723906423,1359052545
40,bogdansharpy,40,1723907182,1359094399
41,Blagojche Bale Pavleski,41,1723906769,1359071484
42,Fasdr,42,1723907227,1359096931
43,Ahmad Romy Zahran,43,1723907272,1359099214
44,metaphysicalist,44,1723906519,1359057556
46,Maruzensky,45,1723907616,1359116249
49,dirigibility,46,1723907619,1359116419
48,Prashant Dhaka,47,1723906631,1359063728
45,Tetsuro TANAKA,48,1723907665,1359118648
47,rvrty5,49,1723907101,1359090014
50,mortihoo,50,1723907094,1359089643
51,Nguyễn Thảo,51,1723906633,1359063818
54,Ferrriccc,52,1723907721,1359121313
53,89829224,53,1723907747,1359122485
52,Turkhuu Batbayar,54,1723906151,1359037931
55,nayan21100,55,1723907700,1359120314
56,bofeng07,56,1723907558,1359113432
57,Jonas,57,1723907593,1359115173
58,Tagir Gumerov,58,1723907244,1359097762
59,Wake,59,1723907613,1359116123
61,kmjp,60,1723907376,1359104508
60,Ivan Vasilenko,61,1723907706,1359120606
63,Yashesh Bhavsar,62,1723907736,1359122000
62,vuduyanhhoang33,63,1723906330,1359047459
64,Dhruv Pasricha,64,1723907760,1359123075
65,Mayank Pushpjeet,65,1723906351,1359048624
68,hocln,66,1723907155,1359093041
66,Yuva Prasad,67,1723907751,1359122640
69,seedalink60,68,1723907127,1359091449
67,Zakhar Tsvirka,69,1723906567,1359060042
70,Dragos Ristache,70,1723907491,1359110207
72,jai_hanumant,71,1723907507,1359110947
71,Joo-Won Jung,72,1723908163,1359140881
73,zsq007,73,1723906915,1359079518
75,Larry,74,1723906121,1359036432
74,D V Sushmanth Reddy,75,1723908187,1359141893
76,Amous,76,1723907346,1359103049
77,Simon Huang,77,1723907935,1359130955
78,Bismit Purohit,78,1723907424,1359106931
79,VIVEK ASHOKAN,79,1723907959,1359132084
81,Tiny Snow,80,1723907246,1359097855
80,lm105013,81,1723908016,1359134572
83,Leeisateam,82,1723907449,1359108146
82,Tejasvi Arya,83,1723908068,1359136767
85,Kanstantsin Vilcheuski,84,1723907802,1359124902
84,Frank Rodriguez,85,1723906838,1359075331
88,Xiaoping Hu,86,1723906794,1359072949
87,Sai Krishna,87,1723908407,1359151299
91,OuterRidgeSavage,88,1723908092,1359137820
86,Abhishek Thakur,89,1723907411,1359106317
90,Ayush Agrawal,90,1723907346,1359103053
89,samliu12,91,1723906111,1359035859
93,CHANDRAPRABHU,92,1723908482,1359154518
94,lilPeep,93,1723908181,1359141616
92,mastoori1234,94,1723906954,1359081505
95,Wittgenstein,95,1723907850,1359127106
97,Abhishek,96,1723907053,1359087359
98,wanghy012,97,1723908256,1359144903
96,ss_loves_a-k,98,1723907650,1359117902
99,Piyush Raj,99,1723906227,1359041875
100,chengxia you,100,1723907697,1359120159
101,Vlad,101,1723907711,1359120824
102,Neal@阳谷县,102,1723908342,1359148560
105,leon,103,1723907742,1359122229
103,Kuo-Yu Huang,104,1723907155,1359093030
104,g129512,105,1723908380,1359150139
106,Shicheng Chen,106,1723907279,1359099613
110,eatfood,107,1723906648,1359064562
107,RopoC,108,1723908409,1359151369
111,JJZin,109,1723907505,1359110825
112,Vincent911025,110,1723907358,1359103602
108,Linyuan Gong,111,1723908740,1359165188
113,Jianfeng Wang,112,1723908451,1359153208
109,Fkaiser7,113,1723907031,1359086091
115,agrash,114,1723908147,1359140171
114,Russ741,115,1723908527,1359156388
119,Himanshu yadav,116,1723908796,1359167490
117,Ahmed Yahia,117,1723906215,1359041239
116,Runze Yu,118,1723907962,1359132214
118,skyinde2,119,1723908168,1359141081
122,webmonster,120,1723908001,1359133929
120,MyCaastl,121,1723908906,1359171887
121,drunkenButterfly,122,1723908277,1359145832
124,babinclaudiu,123,1723907421,1359106750
123,Zephyroo,124,1723907931,1359130763
125,akshay_rajput,125,1723908242,1359144337
128,StackEnqueue2,126,1723907543,1359112700
126,Lyuben Georgiev,127,1723908354,1359149046
127,him_anshu_yadav,128,1723907412,1359106336
129,Tejas,129,1723907214,1359096182
131,Ketan Raut,130,1723906762,1359071089
130,Yash Kale,131,1723908667,1359162184
133,Ajit,132,1723906689,1359066828
132,lixiangfan97,133,1723908329,1359148067
134,Srikkanth R,134,1723907235,1359097296
136,plevande,135,1723907051,1359087241
135,Vasanth Reddy,136,1723907275,1359099399
137,jam,137,1723907395,1359105465
138,Yifeng,138,1723908770,1359166426
141,arsread,139,1723906698,1359067395
139,Manmeet Singh,140,1723907823,1359125881
140,Matt Akin,141,1723909119,1359180334
142,Di Kang,142,1723908836,1359169154
143,Guardian-or-nothing,143,1723908229,1359143723
145,JedLam,144,1723907688,1359119741
144,leoyu0813,145,1723908607,1359159670
146,Chou,146,1723907429,1359107201
147,bhavanireddy_04,147,1723907298,1359100593
149,Manan Rathod,148,1723908043,1359135682
148,MSA TANZEEL,149,1723909252,1359185416
150,Shanwitha,150,1723908303,1359146905
151,Ethan,151,1723909001,1359175674
153,Choon Hean Lew,152,1723908705,1359163794
154,Mohd Fahad,153,1723908416,1359151704
152,Asagi,154,1723907578,1359114413
156,Aditya Sharma,155,1723908996,1359175437
155,Shubham Jain,156,1723907367,1359104076
158,ABHIJEET KUMAR,157,1723909034,1359176957
157,Naresh Babu,158,1723908748,1359165531
162,gaoqiaoheimu,159,1723908481,1359154465
159,celerystalk,160,1723906733,1359069390
161,ybbb,161,1723906895,1359078565
160,Yang Su,162,1723909402,1359191214
163,Abineth,163,1723907174,1359094035
165,Dyxuki,164,1723907729,1359121668
164,Chandrachur M,165,1723907116,1359090888
166,nicolaSaporetti,166,1723909183,1359182767
167,Om Mittal,167,1723907820,1359125743
169,Meng-Hsuan Wu,168,1723909526,1359195935
170,Ryan Zhang,169,1723909251,1359185358
168,TIEN-YI,170,1723908914,1359172214
171,Alexander Zabluda,171,1723906464,1359054685
172,s_saurabh,172,1723908343,1359148602
173,Arijoy Majumdar,173,1723908373,1359149831
174,Abhishek,174,1723907830,1359126188
175,Spryzen,175,1723908704,1359163728
176,Jackie Cheung,176,1723908701,1359163608
177,ry51,177,1723908492,1359154911
178,Srihari K B,178,1723908715,1359164194
182,kjhave,179,1723909324,1359188215
183,Prakhar,180,1723907572,1359114133
179,spadreams,181,1723907758,1359122944
180,Vansh Bilwal,182,1723906946,1359081044
181,tfunk116,183,1723908774,1359166608
184,Deepak Saini,184,1723907914,1359129995
187,Nikhil Thogaru,185,1723909401,1359191187
185,ujjwalmish,186,1723907224,1359096723
186,natchsiri,187,1723907706,1359120580
188,Only My Railgun,188,1723908524,1359156224
189,wswartworth,189,1723909125,1359180583
190,Siddharth1411,190,1723907936,1359131002
191,Dong fang,191,1723905885,1359024224
192,Mohit,192,1723907795,1359124588
195,Ajmera Sanjaykumar,193,1723909660,1359200962
193,Basim256,194,1723908126,1359139285
197,Krishna Gopal Agarwal,195,1723908818,1359168385
194,Anass,196,1723909162,1359181944
196,quyse,197,1723908966,1359174243
200,Ayush Sharma,198,1723908909,1359172021
198,Hao Ting,199,1723908587,1359158861
199,Vishwajeet Singh Solanki,200,1723907548,1359112941
202,Samyak Jain,201,1723909229,1359184489
203,Chigun,202,1723907393,1359105381
201,trchen,203,1723907770,1359123476
205,yzkkai,204,1723908172,1359141267
204,cleave_purple,205,1723906300,1359045833
206,Balakrishnan Varadarajan,206,1723905568,1359007873
207,Shashwat_Panigrahy,207,1723908852,1359169758
210,tmimotw,208,1723908591,1359159004
208,Dhruv,209,1723907149,1359092686
209,Nafis Ahmed,210,1723909682,1359201785
211,Wen-Chieh Tung,211,1723908357,1359149200
213,the_random_profile,212,1723908531,1359156525
216,Ygao,213,1723908864,1359170237
214,BrutalKiller,214,1723909044,1359177344
212,Anupam Ghosh,215,1723907659,1359118373
218,ninja_master2002,216,1723908235,1359143983
215,Sam Wei Hong,217,1723907864,1359127745
217,Harsh Mehta,218,1723909719,1359203190
220,ads169573,219,1723907743,1359122265
223,wu py,220,1723908858,1359169977
219,Devansh Rawat,221,1723908133,1359139575
221,Shrey Gupta,222,1723909499,1359194884
222,resotto,223,1723908542,1359157002
224,user8770ne,224,1723908538,1359156826
225,Shrivathsa,225,1723908468,1359153974
226,Ali,226,1723908158,1359140654
228,Yelnur,227,1723909233,1359184654
227,Mradul Agrawal,228,1723909840,1359207734
229,Piotr Swicarz,229,1723908428,1359152224
230,Vinayak Kushwaha,230,1723909084,1359178950
231,Harshit Bansal,231,1723907185,1359094601
232,Jagnyasai,232,1723909864,1359208610
233,Dhruv Kumar Agrawal,233,1723906152,1359037970
234,timowendner,234,1723909885,1359209358
236,yolo12345,235,1723906532,1359058184
237,prakharrrr4,236,1723908410,1359151416
235,fpeterfalvi,237,1723908930,1359172853
239,boxlesscat,238,1723908094,1359137893
241,Moynul Islam,239,1723910195,1359220889
240,Bhavesh_T,240,1723910199,1359221052
238,Orz,241,1723907376,1359104509
242,Amr Harb,242,1723907491,1359110195
243,nnAyAnk,243,1723907061,1359087762
244,Wilsano,244,1723908937,1359173137
245,Ronak Gadhiya,245,1723908969,1359174383
246,Abhishek Gangwar,246,1723909854,1359208252
247,Phung Thien Phuoc,247,1723906181,1359039482
249,Marco,248,1723908384,1359150334
248,user9512b,249,1723909710,1359202844
251,Zhan Kurbanbayev,250,1723907297,1359100562
250,Ethan Gu,251,1723907338,1359102623
254,Abhas Bind,252,1723908955,1359173842
252,CogentCoder73,253,1723908233,1359143909
253,John Liao,254,1723908493,1359154956
255,Subramani Srinivasan,255,1723909139,1359181076
256,Sarvagya Sharma,256,1723907916,1359130105
258,MarkovProcess,257,1723907243,1359097685
257,Robo Lences,258,1723908409,1359151389
259,TW_HHT,259,1723909326,1359188308
260,Tudor Buzu,260,1723907911,1359129870
262,Agamya Yadav,261,1723908242,1359144332
261,Kushagra Agarwal,262,1723909138,1359181037
264,Anton Vedernikov,263,1723909798,1359206189
263,qu1ck,264,1723909799,1359206220
266,Kaaden RumanCam,265,1723909493,1359194643
265,Rakesh Swami,266,1723909759,1359204711
267,Hieu,267,1723908137,1359139750
268,i159181,268,1723908770,1359166421
269,Leaderboard,269,1723909248,1359185248
270,Sanath_Kulla,270,1723907989,1359133397
272,Shivam,271,1723909430,1359192268
271,Satyam Sharma,272,1723908578,1359158492
273,wu99,273,1723909022,1359176492
275,Jing-You,274,1723910174,1359220133
278,Harshit Khandelwal,275,1723908886,1359171143
274,trofimichael,276,1723906762,1359071060
277,kdenst,277,1723909598,1359198653
276,Pham Trung Dung,278,1723908067,1359136728
280,Mikko,279,1723909890,1359209511
281,Daksh Sahani,280,1723909951,1359211772
279,victormarcilio,281,1723907493,1359110292
285,Anastasiia Shalygina,282,1723909768,1359205046
282,Victor M,283,1723908899,1359171634
284,Anno,284,1723909547,1359196674
283,Vasyl Dovhanych,285,1723906856,1359076407
288,boobik,286,1723909609,1359199091
286,feetmode,287,1723909778,1359205460
287,kelgarcia724,288,1723910043,1359215168
289,Pranjal Singh,289,1723907550,1359113029
290,a7174812,290,1723910081,1359216670
291,Jashwanth Reddy,291,1723909299,1359187294
292,Pavel,292,1723909175,1359182435
293,Edward Lee,293,1723907660,1359118398
295,Dev Sahani,294,1723908366,1359149539
294,Aleksandr,295,1723907820,1359125714
296,avishkar patil,296,1723909244,1359185099
297,Madhav Kadam,297,1723908871,1359170526
298,Thakur Pratyush Singh,298,1723908730,1359164797
301,kesshb,299,1723909333,1359188569
300,avishkar patil,300,1723909244,1359185099
299,Madhav Kadam,301,1723908871,1359170526
305,Thakur Pratyush Singh,302,1723908730,1359164797
302,kesshb,303,1723909333,1359188569
303,Chance,304,1723909931,1359211039
304,SpitfireRF,305,1723909072,1359178481
306,Vysotin Danil,306,1723909301,1359187397
307,yogman,307,1723907666,1359118710
308,Kar Deepak Kumar,308,1723909939,1359211350
309,Anish Majumdar,309,1723910041,1359215105
310,Radu,310,1723909700,1359202486
313,Tsung Han Wu,311,1723907195,1359095133
312,adhoc,312,1723909818,1359206916
311,GlowReverse,313,1723909760,1359204771
314,jugnu gupta,314,1723907874,1359128217
319,Nitya Parikh,315,1723907921,1359130286
315,Vishal,316,1723907664,1359118633
316,Ravi,317,1723909563,1359197266
317,Meet Brahmbhatt,318,1723909889,1359209474
320,Murad Kızılay,319,1723909275,1359186361
321,CHENNARAPU YASWANTH KUMAR,320,1723909009,1359175972
318,Nando,321,1723909866,1359208673
322,itsalsouday,322,1723907307,1359101086
324,MinHsuanYu,323,1723908736,1359165040
325,justDummy,324,1723908316,1359147489
323,itsalsouday,325,1723907307,1359101086
326,MinHsuanYu,326,1723908736,1359165040
327,justDummy,327,1723908316,1359147489
328,fsociety00,328,1723906624,1359063369
330,S Mahesh Raju,329,1723908260,1359145100
329,icecat2012,330,1723909655,1359200747
331,sellie50759,331,1723908919,1359172393
332,anton98i,332,1723910008,1359213877
333,TheodoreGossett,333,1723910011,1359213984
334,Nick,334,1723908765,1359166234
340,Prabhat K,335,1723907485,1359109884
335,Dipanshu Pandey,336,1723908855,1359169886
336,l1cache__,337,1723908606,1359159623
337,Anand Saminathan,338,1723909122,1359180475
338,Chirayu Garg,339,1723910045,1359215253
339,brainstorm56,340,1723907852,1359127229
341,b08902137,341,1723907817,1359125614
342,Huy Phước,342,1723905702,1359014608
343,Easar Mostafa Sajid,343,1723909726,1359203460
345,Tadeusz Sznuk,344,1723907558,1359113409
344,Revanth Pershad,345,1723907597,1359115342
346,Vladislav,346,1723909259,1359185653
347,Rohit Chalak,347,1723907701,1359120354
348,vvk20,348,1723910180,1359220322
350,MM,349,1723909553,1359196918
351,manis_7392,350,1723908778,1359166739
349,Tamminaina Yugandhar,351,1723906965,1359082176
352,ecboy,352,1723910026,1359214537
353,etian6795,353,1723907449,1359108143
359,Lokesh Rajput,354,1723909818,1359206901
354,Deepanshu Chaudhary,355,1723907418,1359106634
358,Jeremy Do,356,1723907425,1359106960
355,Ark_e,357,1723909233,1359184662
356,Sergey Tihon,358,1723907482,1359109727
357,CAELO,359,1723908831,1359168944
360,Neer N Patel,360,1723907569,1359113993
361,MjsWXAUf5t,361,1723908575,1359158368
364,delivery,362,1723906111,1359035866
362,sovngarde42,363,1723908894,1359171459
363,Avi Akad,364,1723908446,1359153008
366,Ankit Kundu,365,1723908704,1359163751
365,Murphy_123,366,1723908604,1359159554
368,Synet,367,1723909803,1359206372
367,Kavneet Singh,368,1723910061,1359215861
369,Keetode,369,1723910073,1359216354
370,Jay Kumar Thakur,370,1723906847,1359075862
372,Jaskaran Singh,371,1723909871,1359208853
373,chasel,372,1723907373,1359104332
371,trinadh annam,373,1723908165,1359140947
374,Dinh Trung Tran,374,1723909478,1359194092
375,Sachin Bulchandani,375,1723909069,1359178392
376,Dinh Trung Tran,376,1723909478,1359194092
380,Hussain Elemam,377,1723909559,1359197129
377,Daniyar Telengutov,378,1723909038,1359177103
378,Ammar shaikh,379,1723907719,1359121218
379,Ramakrishna Gaddam,380,1723909806,1359206492
382,Mudit Loya,381,1723910136,1359218737
381,SuVI3010,382,1723909390,1359190725
384,Dev Mittal,383,1723909606,1359198942
385,Farras Faddila,384,1723908772,1359166512
383,h8086,385,1723908420,1359151860
386,Sukumar,386,1723909818,1359206918
388,Vivaan Gupta,387,1723909344,1359188969
389,leetgoat_dot_dev,388,1723908803,1359167751
387,superj6,389,1723907501,1359110642
393,Yash Srivastava,390,1723909988,1359213098
390,PranjaySidhwani,391,1723908608,1359159700
391,czjnbb,392,1723909013,1359176131
394,Mayank Goyal,393,1723908844,1359169472
392,Kpaxtime,394,1723910146,1359219087
395,Khoshang Kashyap,395,1723908755,1359165832
397,Shivam_Kapoor_23,396,1723908550,1359157334
396,A Kiong,397,1723908118,1359138925
398,Wdfw,398,1723909487,1359194387
400,Niyazbekov Sultan,399,1723909093,1359179313
403,wtzi,400,1723907600,1359115519
402,bramar2,401,1723908617,1359160111
399,Ryan Cook,402,1723907287,1359099982
401,Wibo,403,1723905657,1359012314
404,Mohamed Bakr,404,1723907502,1359110714
405,Sergei Romanov,405,1723909660,1359200939
406,ShikiNatsume,406,1723908319,1359147613
408,Jacob,407,1723909079,1359178785
411,olsonj,408,1723909554,1359196926
409,Boris Williams,409,1723909898,1359209788
407,Suwarna Shukla,410,1723907696,1359120107
410,prefixsum,411,1723909527,1359195956
412,Shreya Pandey,412,1723909223,1359184281
414,rupalijaiswal301,413,1723909316,1359187909
415,Harikrishna Shenoy,415,1723905692,1359014088
413,Ian McKibben,416,1723906074,1359033940
416,masteralphi,417,1723906117,1359036185
418,donglin0202,418,1723906291,1359045332
417,eliteCoder,419,1723906296,1359045647
420,Vladislav,420,1723906297,1359045685
419,Lerchen Zhong,421,1723906200,1359040429
421,Braj,422,1723906562,1359059782
422,German Andosov,423,1723906358,1359049025
423,Althaf Hussain,424,1723906427,1359052742
425,Aastha222002,425,1723909461,1359193439
424,Harikrishna Shenoy,427,1723905692,1359014088
426,Ian McKibben,428,1723906074,1359033940
427,masteralphi,429,1723906117,1359036185
428,donglin0202,430,1723906291,1359045332
429,eliteCoder,431,1723906296,1359045647
430,Vladislav,432,1723906297,1359045685
431,Lerchen Zhong,433,1723906200,1359040429
434,Braj,434,1723906562,1359059782
432,German Andosov,435,1723906358,1359049025
433,Althaf Hussain,436,1723906427,1359052742
435,biggest_fw,437,1723906735,1359069512
437,Anurag Kamra,438,1723906870,1359077223
436,Xiaoyuan Wang,439,1723906574,1359060462
441,Jay Todawat,440,1723906583,1359060994
438,y_a_s,441,1723906939,1359080657
439,vijaykatta3094,442,1723906943,1359080867
443,TZGkPxfrU1,443,1723906981,1359083168
440,Ma Lin,444,1723906731,1359069265
442,Manan Chhajed,445,1723907081,1359088936
447,LeetCoach,446,1723906533,1359058261
444,Prashant Shukla,447,1723907143,1359092358
445,sanketjaipuriar,448,1723907154,1359092968
446,stevenhgs2,449,1723907212,1359096101
448,Gautam Jha,450,1723907483,1359109771
449,Wiktor,451,1723907184,1359094550
452,Shivam Krishan Varshney,452,1723906636,1359063992
450,Yash Shah,453,1723906909,1359079219
451,Nikhil Dixit,454,1723907510,1359111050
453,Navneet Singh,455,1723907232,1359097145
457,rohinth076,456,1723907244,1359097765
454,runtime_tterror,457,1723907257,1359098386
455,sponomarev,458,1723907262,1359098697
456,boombuster3478,459,1723905960,1359028058
459,Jie Chen,460,1723906967,1359082315
458,Dawn Chen,461,1723907275,1359099411
461,dinhtrongnhan2001,462,1723907072,1359088449
460,Chinedu,463,1723907376,1359104496
462,Ruhan Das,464,1723907098,1359089864
464,Daksh Valecha,465,1723906812,1359073944
463,Ayush Singh,466,1723906320,1359046921
465,Nitin Srichakri,467,1723907744,1359122309
466,tonyli00000,468,1723907444,1359107933
467,ANKIT CHOUDHARY,469,1723907195,1359095122
469,Akash Mishra,470,1723907211,1359096004
470,MakarenkoStepan,471,1723907831,1359126219
468,Swapnil Barai,472,1723907831,1359126244
471,Skyler Tsai,473,1723907251,1359098099
473,Akay,474,1723906954,1359081489
472,Daksh Valecha,475,1723906812,1359073944
474,Ayush Singh,476,1723906320,1359046921
475,Nitin Srichakri,477,1723907744,1359122309
476,tonyli00000,478,1723907444,1359107933
478,ANKIT CHOUDHARY,479,1723907195,1359095122
479,Akash Mishra,480,1723907211,1359096004
477,MakarenkoStepan,481,1723907831,1359126219
480,Swapnil Barai,482,1723907831,1359126244
483,Skyler Tsai,483,1723907251,1359098099
482,Akay,484,1723906954,1359081489
481,pavan7327,485,1723907855,1359127362
484,Himanshu Yadav,486,1723907561,1359113551
488,Ruchit Jagodara,487,1723907563,1359113647
486,Dev2073,488,1723907873,1359128172
485,eulusoy,489,1723907585,1359114746
487,Chaitanya Bhutada,490,1723906998,1359084184
491,Himanshu Kumar,491,1723907621,1359116499
489,Karan741187,492,1723907329,1359102203
490,abhishek vaish,493,1723907350,1359103256
492,Heisenberg,494,1723907669,1359118836
493,tyler,495,1723906789,1359072666
495,Rahul Gupta,496,1723907717,1359121121
494,Satyam Kumar,497,1723907775,1359123708
497,vinayakgupta2703,498,1723907788,1359124270
496,Faizan Hussain,499,1723908098,1359138063
499,alphasam084,500,1723907062,1359087893
498,mdcoder123,501,1723908271,1359145551
500,Shreya Anand,502,1723907676,1359119176
504,Aditya Bharti,503,1723907378,1359104590
501,Sri Hari,504,1723907993,1359133579
502,Tristanczk,505,1723908301,1359146840
505,Ernest,506,1723907409,1359106185
503,Mohit,507,1723907729,1359121664
506,Atharv Paliwal,508,1723907734,1359121884
507,Tushar,509,1723908037,1359135444
508,Soumyajit Naskar,510,1723908053,1359136150
510,ds_reptile,511,1723907180,1359094343
509,bepis,512,1723907491,1359110182
511,Sujan,513,1723908117,1359138904
512,wanderlust312,514,1723908120,1359139009
513,Navin Kumar,515,1723907526,1359111873
515,kingarp,516,1723907843,1359126798
514,Nguyen Duc Linh,517,1723908455,1359153410
516,Yoshi_mitsu,518,1723908460,1359153625
517,Hritik kumar,519,1723907111,1359090610
520,Youness Chaaibi,520,1723908171,1359141206
518,SouravKumar,521,1723907872,1359128136
519,_no_idea_,522,1723907874,1359128211
522,Govind Ji,523,1723905815,1359020482
523,Ajay Singh Deopa,524,1723908202,1359142560
521,wanderlust312,525,1723908120,1359139009
524,Navin Kumar,526,1723907526,1359111873
525,kingarp,527,1723907843,1359126798
527,Nguyen Duc Linh,528,1723908455,1359153410
526,Yoshi_mitsu,529,1723908460,1359153625
528,Hritik kumar,530,1723907111,1359090610
529,Youness Chaaibi,531,1723908171,1359141206
531,SouravKumar,532,1723907872,1359128136
530,_no_idea_,533,1723907874,1359128211
532,Govind Ji,534,1723905815,1359020482
533,Ajay Singh Deopa,535,1723908202,1359142560
535,Ronitkumar151002,536,1723908215,1359143167
534,Suraj Gaur,537,1723908522,1359156142
536,akumar_23,538,1723907942,1359131304
537,Himanshu Syuni,539,1723907945,1359131411
541,tinku_vishnu17,540,1723907666,1359118730
539,Dhruvrajsinh,541,1723908271,1359145575
538,crazyhamada10,542,1723908577,1359158438
540,yead,543,1723908282,1359145979
542,Mayank Nichlani,544,1723907687,1359119664
543,San Dang,545,1723907698,1359120221
544,Nikhil Pratap Singh,546,1723907699,1359120256
545,Hlib,547,1723908626,1359160492
546,Neil Chetty,548,1723907733,1359121836
547,Md Rabiul Islam,549,1723908339,1359148415
548,Ashutosh Sahu,550,1723907837,1359126499
549,Ashish Singh,551,1723907844,1359126825
550,kushal46,552,1723908146,1359140104
551,Yuvraj Singh,553,1723907858,1359127465
552,Jatin Agrawal,554,1723908761,1359166053
553,Jatin Sood,555,1723908181,1359141647
555,Manimaran S,556,1723908800,1359167639
557,Sanskar Singh,557,1723908801,1359167692
554,leetgoat_dot_dev,558,1723908803,1359167751
558,Ayanerru,559,1723908204,1359142648
556,Xiao__Jun,560,1723908211,1359142959
559,Satvik Sr,561,1723907940,1359131182
560,Anish,562,1723908242,1359144316
561,Rahul Chaturvedi,563,1723908242,1359144323
562,Akshat Awasthi,564,1723907647,1359117763
563,Losetti Mourya,565,1723908552,1359157426
564,Eshvas jain,566,1723908743,1359165319
565,Saiteja,567,1723907661,1359118475
566,Roumak77,568,1723907966,1359132394
567,Arsh,569,1723908875,1359170707
568,Atishay Jain,570,1723908295,1359146543
569,Akshat Jain,571,1723908296,1359146602
573,Tannu Singh,572,1723908012,1359134366
570,PRABHUPADA PRADHAN,573,1723907713,1359120968
572,JIGAR THAKOR,574,1723908619,1359160189
571,Eshvas jain,575,1723908743,1359165319
577,Saiteja,576,1723907661,1359118475
574,Roumak77,577,1723907966,1359132394
576,Arsh,578,1723908875,1359170707
575,Atishay Jain,579,1723908295,1359146543
578,Akshat Jain,580,1723908296,1359146602
580,Tannu Singh,581,1723908012,1359134366
582,PRABHUPADA PRADHAN,582,1723907713,1359120968
579,JIGAR THAKOR,583,1723908619,1359160189
581,Khushmeet Chugh,584,1723908321,1359147697
583,_nyaruko,585,1723907421,1359106792
585,Meng Lan,586,1723907450,1359108225
584,Burhanuddin Rangwala,587,1723908656,1359161740
587,Jimmy,588,1723908358,1359149212
586,Aayush Aeron,589,1723908072,1359136954
588,Yashaswini,590,1723907773,1359123635
594,Mohit Poddar,591,1723908377,1359150020
589,Confused Cat,592,1723908702,1359163667
590,yonasadiel,593,1723908710,1359164003
591,sbian31,594,1723908727,1359164690
593,Marat Shaydulin,595,1723907842,1359126742
592,Denys Gubar,596,1723908142,1359139965
596,siraj_786,597,1723908747,1359165521
595,mikasa akermann,598,1723908452,1359153268
597,Benn Hart,599,1723908467,1359153949
598,Yash Garg,600,1723908509,1359155625
599,Ansh Goel,601,1723908509,1359155633
600,dinospecs,602,1723908832,1359168985
601,Azanul Haque,603,1723908535,1359156717
603,dhruvcodes04,604,1723906159,1359038309
602,Alankrit Singh,605,1723909137,1359181007
604,Prashant Yadav,606,1723908542,1359157018
605,Jian-Xu Chen,607,1723909153,1359181603
606,asulkit,608,1723908555,1359157534
607,larry,609,1723907955,1359131868
608,Kunal Agarwal,610,1723907969,1359132524
609,Mohan Kumar,611,1723908273,1359145659
611,sellie50759,612,1723908919,1359172393
610,Premsukh,613,1723908327,1359147973
612,clancycodes,614,1723907431,1359107301
613,Prasanna Jangali,615,1723908334,1359148247
614,Georgius,616,1723908951,1359173701
616,pcwuu,617,1723908354,1359149065
617,sh1nje,618,1723908962,1359174124
615,Prasham_Shah,619,1723908666,1359162123
618,楊宗諺,620,1723908983,1359174945
619,Kanye5687,621,1723908388,1359150510
621,ADITYA RAUT,622,1723909294,1359187094
623,fast_turtle,623,1723908097,1359138030
622,Cheng-Shun Liu,624,1723909302,1359187413
620,Kanye5687,625,1723908388,1359150510
624,ADITYA RAUT,626,1723909294,1359187094
627,fast_turtle,627,1723908097,1359138030
625,Cheng-Shun Liu,628,1723909302,1359187413
626,李子,629,1723908403,1359151141
629,Aniket Yadav,630,1723909020,1359176423
628,Abhijit Karmakar,631,1723908125,1359139266
630,garvitttt,632,1723908434,1359152485
631,Uchiha,633,1723909059,1359177967
634,Me_explorer,634,1723909369,1359189933
632,kunalparihar,635,1723909075,1359178617
633,zucrose,636,1723909075,1359178629
636,Aditya Aggarwal,637,1723909088,1359179132
635,Sasura123,638,1723908493,1359154980
637,pikapika,639,1723909097,1359179466
638,mac364135,640,1723908508,1359155594
640,Aman Jaiswal,641,1723907123,1359091203
639,baegopayo,642,1723909114,1359180149
643,Tanzim bin nasir,643,1723909130,1359180748
641,Deepak Singh,644,1723909449,1359192960
642,lazybearfiringrockets,645,1723909178,1359182580
647,Naveen Yadav,646,1723907987,1359133338
644,Daniel Robinson,647,1723909191,1359183065
645,Gauri Agarwal,648,1723908912,1359172122
646,Yuvraj Sahu,649,1723908927,1359172725
648,Hastorius,650,1723908942,1359173342
651,Ankur Kumar,651,1723908948,1359173589
649,kryptonite007,652,1723909254,1359185486
650,Gaurav Gupta,653,1723908956,1359173875
652,leetcode10000,654,1723908956,1359173895
653,musatur,655,1723908959,1359173995
654,user7353rp,656,1723908673,1359162431
655,kashif321,657,1723909577,1359197807
656,Yash Kumar,658,1723908080,1359137292
659,Lakshya_Gupta,659,1723909584,1359198099
658,FyORVKn6Zf,660,1723909285,1359186743
661,Harsh Jain,661,1723909589,1359198305
657,vedantgore_2004,662,1723909291,1359186980
660,Adi,663,1723907793,1359124497
662,he zhong miao,664,1723908405,1359151192
665,Chirag_Birla,665,1723909606,1359198965
663,Devendra,666,1723909014,1359176198
664,dheerajkumar20012004,667,1723908421,1359151898
666,Soumy Bisht,668,1723909026,1359176643
667,basebottom,669,1723909634,1359199989
668,pravesh_252505,670,1723908138,1359139798
670,Harshit,671,1723907849,1359127047
669,gtmk,672,1723909354,1359189363
671,Anupam Shah,673,1723909362,1359189667
673,varous,674,1723909366,1359189823
672,pravesh_252505,675,1723908138,1359139798
674,Harshit,676,1723907849,1359127047
677,gtmk,677,1723909354,1359189363
676,Anupam Shah,678,1723909362,1359189667
675,varous,679,1723909366,1359189823
679,Mohd Adil,680,1723909367,1359189868
678,mnm373,681,1723909079,1359178762
682,Piyush Kumar,682,1723908181,1359141651
680,lthroy,683,1723909390,1359190735
681,gopalkalsiya1h,684,1723909095,1359179382
683,NirbhayPaliwal,685,1723908814,1359168213
684,Sumit Dhandale,686,1723907016,1359085215
686,DAME_M,687,1723908530,1359156493
685,prtx,688,1723909147,1359181363
687,prutor,689,1723909451,1359193051
688,Rudra Nandan Mishra,690,1723908082,1359137354
693,john801205,691,1723909176,1359182472
689,Xuan Zhang,692,1723908291,1359146374
691,varangrai,693,1723909799,1359206227
690,NISHANT GUPTA,694,1723909807,1359206524
692,Harris,695,1723909808,1359206546
694,Pika,696,1723909216,1359184030
696,Krishna Kant,697,1723908918,1359172350
695,BZH110,698,1723908730,1359164818
697,Akshay Amin,699,1723908325,1359147877
698,Suprith,700,1723909235,1359184754
699,LittleboyBK99,701,1723908936,1359173095
702,Chandan Agrawal,702,1723908942,1359173359
701,Sarthak Jain,703,1723909550,1359196800
700,Saakshat Jain,704,1723908368,1359149637
703,sha-shank,705,1723908973,1359174555
704,Juzar,706,1723908980,1359174811
705,tanay3404,707,1723909280,1359186556
708,Harshal Joshi,708,1723908382,1359150210
706,sri_ram,709,1723908985,1359175025
707,Devanshu Dangi,710,1723908945,1359173456
709,Chirag Rana,711,1723909314,1359187839
710,Aksh Walia,712,1723909330,1359188466
712,Tushar Singh,713,1723908736,1359165016
711,Emily,714,1723908750,1359165622
714,ABDSYM,715,1723909063,1359178133
713,Elitsa Yotkova,716,1723909978,1359212746
717,Amit Aswal,717,1723908779,1359166778
715,norikame,718,1723908484,1359154558
716,Deepander Gupta,719,1723909084,1359178973
718,nimish7866,720,1723909706,1359202670
719,Manmohan Shrivastava,721,1723909109,1359179928
720,1educatedtiger,722,1723908513,1359155784
725,Lancer555,723,1723908518,1359155981
722,Vivek Rajpurohit,724,1723908535,1359156690
721,1educatedtiger,725,1723908513,1359155784
723,Lancer555,726,1723908518,1359155981
724,Vivek Rajpurohit,727,1723908535,1359156690
728,pandeyprakash7,728,1723909444,1359192784
727,Harry Potter,729,1723909751,1359204429
726,Md Arham Ahmmad Adil,730,1723909155,1359181698
730,PAGADALA SAINADTH,731,1723908857,1359169951
729,Inderpal Singh,732,1723910077,1359216516
731,Gautam Juneja,733,1723909488,1359194428
732,ygor_ribeiro7,734,1723909489,1359194487
733,Harendra Kumar,735,1723909491,1359194532
734,KennethZheng,736,1723908597,1359159234
737,SHAW99,737,1723909200,1359183392
738,Prajjwal kumar,738,1723909510,1359195275
735,Karan Garg,739,1723909211,1359183843
736,lokesh,740,1723909817,1359206862
742,VINEET KUMAR VERMA,741,1723908318,1359147579
739,Prakulgupta,742,1723909228,1359184465
740,user2032m,743,1723909531,1359196086
741,TheronAma,744,1723908343,1359148589
743,Mayank Kumar shah,745,1723909843,1359207843
745,NAVEEN KUMAR S,746,1723910145,1359219073
744,Aman Gupta,747,1723910152,1359219324
746,Sakshammthakur_75,748,1723910153,1359219340
748,Parthiv__reddy,749,1723909256,1359185544
751,Shubh Gupta,750,1723908673,1359162388
749,Manojkumar Sirvi,751,1723908976,1359174659
747,Waster,752,1723909591,1359198376
750,Abinas Behera,753,1723908698,1359163503
752,VictorVictini,754,1723909005,1359175817
757,Tourist_ka_chachera_bhai,755,1723910209,1359221421
753,abhinavcri123,756,1723909009,1359175980
754,sharath chandra,757,1723909010,1359176009
755,Priyanshu Bariar,758,1723910239,1359222540
756,CLOWNTK,759,1723909521,1359195715
760,yash,760,1723909049,1359177532
759,Md Saifi Alam Nirjhor,761,1723909952,1359211810
758,Haifeng Jin,762,1723909656,1359200801
761,tf_imba,763,1723909361,1359189630
762,Sanskar Soni,764,1723910263,1359223480
763,Susovan Haldar,765,1723909969,1359212454
764,tliu21,766,1723909676,1359201565
765,Nisarg Patel,767,1723909378,1359190267
766,Sam Lee,768,1723909682,1359201773
767,Rithwik,769,1723909985,1359212998
770,Harsh Kamal,770,1723909990,1359213171
768,Aditya Gandhi,771,1723909394,1359190896
769,Simardeep Singh Mudhar,772,1723909409,1359191463
771,Sandeep Maurya,773,1723909417,1359191786
772,NITESH SAXENA,774,1723910019,1359214287
774,CLOWNTK,775,1723909521,1359195715
773,yash,776,1723909049,1359177532
775,Md Saifi Alam Nirjhor,777,1723909952,1359211810
777,Haifeng Jin,778,1723909656,1359200801
776,tf_imba,779,1723909361,1359189630
778,Sanskar Soni,780,1723910263,1359223480
779,Susovan Haldar,781,1723909969,1359212454
781,tliu21,782,1723909676,1359201565
780,Nisarg Patel,783,1723909378,1359190267
782,Sam Lee,784,1723909682,1359201773
784,Rithwik,785,1723909985,1359212998
785,pritesh_punj,786,1723910288,1359224484
783,Harsh Kamal,787,1723909990,1359213171
786,Aditya Gandhi,788,1723909394,1359190896
787,Simardeep Singh Mudhar,789,1723909409,1359191463
789,pulkit,790,1723910316,1359225590
788,Sandeep Maurya,791,1723909417,1359191786
790,NITESH SAXENA,792,1723910019,1359214287
801,Ankit Kumar,793,1723910025,1359214493
791,Abhishek Choudhary,794,1723908528,1359156417
792,Shiba Taizen,795,1723910331,1359226222
793,Sandeep Polamuri,796,1723908247,1359144522
796,no-hope,797,1723909453,1359193151
795,Sufiyan,798,1723910355,1359227188
794,Utkarsh_Maurya,799,1723910367,1359227764
797,Rad0miR,800,1723910183,1359220439
799,xiex,801,1723909284,1359186704
798,AxxxxxA,802,1723910194,1359220868
802,Asmit Papney,803,1723909601,1359198752
800,SHANKAR LAL YADAV,804,1723910087,1359216887
805,rishabh22401,805,1723909603,1359198821
804,Prabal Pratap Singh,806,1723909003,1359175760
803,dauphin_davlon,807,1723909905,1359210059
806,sh_trgj,808,1723905303,1358996702
809,Mayank Bucha,809,1723909010,1359176026
808,user5669a,810,1723908416,1359151673
807,Troels,811,1723909023,1359176517
810,sarvottam kumar,812,1723909029,1359176758
813,jsaket058,813,1723910230,1359222183
811,Mayank Padia,814,1723909336,1359188680
812,Manyu,815,1723909349,1359189171
815,seaofnonsense52,816,1723909652,1359200647
817,Ashrayy,817,1723909956,1359211975
814,Priyanshu,818,1723909958,1359212061
816,Devanshu_Dangi,819,1723908922,1359172518
818,lemelearn,820,1723910261,1359223406
820,mrboj,821,1723909381,1359190405
819,mayurkk7,822,1723909081,1359178861
821,Pooshan_Goud,823,1723909983,1359212924
822,gordonm0253,824,1723909994,1359213336
823,Mohammad Ibraheem Qureshi,825,1723909572,1359197618
825,xiex,826,1723909284,1359186704
827,AxxxxxA,827,1723910194,1359220868
824,Asmit Papney,828,1723909601,1359198752
826,SHANKAR LAL YADAV,829,1723910087,1359216887
828,rishabh22401,830,1723909603,1359198821
830,Prabal Pratap Singh,831,1723909003,1359175760
829,dauphin_davlon,832,1723909905,1359210059
832,sh_trgj,833,1723905303,1358996702
831,Mayank Bucha,834,1723909010,1359176026
834,user5669a,835,1723908416,1359151673
833,Troels,836,1723909023,1359176517
837,sarvottam kumar,837,1723909029,1359176758
835,jsaket058,838,1723910230,1359222183
836,Mayank Padia,839,1723909336,1359188680
838,Manyu,840,1723909349,1359189171
839,seaofnonsense52,841,1723909652,1359200647
841,Ashrayy,842,1723909956,1359211975
840,Priyanshu,843,1723909958,1359212061
842,Devanshu_Dangi,844,1723908922,1359172518
845,lemelearn,845,1723910261,1359223406
843,Hackerman784,846,1723910281,1359224164
844,mrboj,847,1723909381,1359190405
846,mayurkk7,848,1723909081,1359178861
847,Pooshan_Goud,849,1723909983,1359212924
849,Sarthak_Motwani,850,1723909261,1359185754
850,pragg,851,1723909572,1359197610
848,Harikumar K,852,1723909577,1359197823
851,lam022,853,1723910189,1359220653
853,Ankit Kumar,854,1723910191,1359220758
852,Rahul Ahuja,855,1723909593,1359198433
855,Bhavik Arora,856,1723910218,1359221760
854,udaysuman16,857,1723910220,1359221832
856,alicewang20,858,1723909023,1359176530
857,TactileBlue,859,1723909659,1359200926
858,deadoutside,860,1723909664,1359201084
859,Anshul Agarwal,861,1723908768,1359166356
860,kasi nathan,862,1723908772,1359166525
861,dhruvg04,863,1723909981,1359212871
862,Padmaja Mazumder,864,1723909388,1359190667
865,unknown,865,1723909695,1359202300
863,Suryasekhar K,866,1723909999,1359213531
866,John Carey,867,1723909700,1359202455
864,Kumar Nikhil,868,1723910008,1359213892
867,Anubhav,869,1723909712,1359202928
868,pushkar kumar,870,1723910017,1359214205
869,Aayush Suman,871,1723909720,1359203266
870,Yaksh Darji,872,1723910051,1359215490
873,Rohan Mittal,873,1723910054,1359215597
871,pulkit_rajput0710171845,874,1723908608,1359159699
874,Sangdil Biswal,875,1723910397,1359229310
872,Andrei,876,1723910105,1359217543
876,Rudraksh Jain,877,1723909506,1359195113
875,Chaitanya,878,1723910106,1359217620
877,Tafheem Ahemad,879,1723908920,1359172423
879,Eduard,880,1723908626,1359160464
880,Nikita Kar,881,1723906773,1359071760
878,Sohan Kumar,882,1723909833,1359207466
882,chiang03,883,1723909539,1359196387
881,Sai Vikash Kamisetty,884,1723910140,1359218876
883,Sarthak_Motwani,885,1723909261,1359185754
884,pragg,886,1723909572,1359197610
885,Harikumar K,887,1723909577,1359197823
886,lam022,888,1723910189,1359220653
887,Ankit Kumar,889,1723910191,1359220758
888,Rahul Ahuja,890,1723909593,1359198433
889,Bhavik Arora,891,1723910218,1359221760
890,udaysuman16,892,1723910220,1359221832
891,alicewang20,893,1723909023,1359176530
892,TactileBlue,894,1723909659,1359200926
894,Sushant Kumar,895,1723910264,1359223492
893,deadoutside,896,1723909664,1359201084
895,Anshul Agarwal,897,1723908768,1359166356
897,Maanas M Singh,898,1723910272,1359223809
896,kasi nathan,899,1723908772,1359166525
898,Chirag Goel,900,1723909672,1359201403
900,MrSup1998,901,1723909676,1359201566
901,Satyam Kanoujia,902,1723909377,1359190230
902,Kawchar Husain,903,1723909983,1359212914
899,Divyansh Jain,904,1723910014,1359214093
906,Cavalier Poet,905,1723910016,1359214173
904,kevin Cheng,906,1723910021,1359214351
903,Indresh Kumar,907,1723909722,1359203338
905,bhargav_gande,908,1723909127,1359180632
907,jpk1961,909,1723910043,1359215181
908,abhi_i788,910,1723909146,1359181332
909,Rudraksh,911,1723910066,1359216068
911,Manas Jain,912,1723909769,1359205085
910,Shriyanshusinh,913,1723907428,1359107128
912,ALESTA1,914,1723907691,1359119898
913,YanlinGong,915,1723910115,1359217975
917,Tarun Chandak,916,1723910120,1359218157
914,milhxe,917,1723909522,1359195746
915,BHARATH KUMAR REDDY,918,1723910145,1359219076
916,Deep Sekhar Ghosh,919,1723909553,1359196904
919,Mr_Looser,920,1723910192,1359220778
920,Manan Madan,921,1723909597,1359198574
918,Saket Sanadhya,922,1723910217,1359221736
921,Tenkai_,923,1723910223,1359221963
922,shayonp,924,1723910226,1359222058
924,Nafis Raza,925,1723910376,1359228190
923,Abhishek Tiwari,926,1723910376,1359228199
925,Akhil Kumar,927,1723910378,1359228321
929,Sameer Anand,928,1723910079,1359216589
926,Rupal Malhotra,929,1723909787,1359205783
928,chandra_12345,930,1723909790,1359205913
927,Sanskar Pandey,931,1723910392,1359229056
930,mir tahfiz,932,1723910395,1359229204
932,Brian Ahaneku,933,1723908895,1359171491
931,Ayush Goyal,934,1723910113,1359217867
933,AndyLead,935,1723910119,1359218109
934,Sahil,936,1723908037,1359135407
935,Saket,937,1723908944,1359173433
936,sohailkasmani007,938,1723909847,1359207992
937,Naitik,939,1723910175,1359220151
938,hanbro0112,940,1723909279,1359186520
939,Shivesh Gupta,941,1723909581,1359197975
941,aditya211703,942,1723909889,1359209472
940,hifranklin,943,1723910198,1359220994
943,Abhay Negi,944,1723908098,1359138091
942,Mark,945,1723910224,1359221974
944,Priya,946,1723907675,1359119160
945,Mit Patel,947,1723909333,1359188549
947,abhipranav,948,1723909637,1359200094
946,Manu Gupta,949,1723910239,1359222567
949,unlitcode,950,1723910147,1359219153
948,Rathul Chowdhury,951,1723910156,1359219458
952,Shubhanker Tiwari,952,1723910160,1359219587
950,dlsy53Hh9c,953,1723910193,1359220824
951,Singhaniya123,954,1723909298,1359187273
953,adarshn000,955,1723910204,1359221261
954,zty122,956,1723910209,1359221441
956,TusharM444,957,1723908208,1359142808
955,BitterSugar,958,1723909317,1359187930
957,satyam_bhaiiiiii,959,1723909324,1359188217
958,PrathamJain,960,1723910225,1359222015
960,adsulswapnil27,961,1723909337,1359188716
959,Yuxtar,962,1723909946,1359211573
961,Aayush Gupta,963,1723910247,1359222852
962,Ayush Kumar Singh,964,1723909357,1359189453
963,Utkarsh Bajpai,965,1723910273,1359223882
964,jum,966,1723908792,1359167313
966,Aman Singh,967,1723909995,1359213372
965,Vidit Jain,968,1723909714,1359202983
967,Praveen seervi,969,1723909436,1359192503
970,NimishPrakash,970,1723909738,1359203919
968,Sai Vishwas,971,1723910038,1359215008
969,Ajinkya Shinde,972,1723909740,1359203995
973,Priyansh Sharma,973,1723909457,1359193301
971,Hardik Soni,974,1723909767,1359205002
972,Vedant Tarole,975,1723910376,1359228236
974,navneet241,976,1723910382,1359228533
975,hackerdChotu,977,1723910387,1359228793
976,P_A,978,1723910388,1359228841
977,Himanshu Ranjan,979,1723910388,1359228861
978,Ankit Raj,980,1723910390,1359228948
981,ALESTA1,981,1723907691,1359119898
980,Amriteshwar Rao,982,1723910396,1359229262
979,Shivam Verma,983,1723910399,1359229422
984,YanlinGong,984,1723910115,1359217975
982,Tarun Chandak,985,1723910120,1359218157
983,milhxe,986,1723909522,1359195746
986,BHARATH KUMAR REDDY,987,1723910145,1359219076
987,Deep Sekhar Ghosh,988,1723909553,1359196904
985,Mr_Looser,989,1723910192,1359220778
988,Manan Madan,990,1723909597,1359198574
991,Saket Sanadhya,991,1723910217,1359221736
989,Tenkai_,992,1723910223,1359221963
990,shayonp,993,1723910226,1359222058
992,Anshul Singh,994,1723909675,1359201507
994,__keep_it_simple__,995,1723910277,1359224050
993,Ritesh Roushan,996,1723908763,1359166161
995,Vishal__18,997,1723910284,1359224318
996,Shadow,998,1723909988,1359213108
997,ShashGod,999,1723910289,1359224529
998,Anubhav,1000,1723910086,1359216845
1002,Chirag Saini,1001,1723910128,1359218442
999,xiuyu130,1002,1723909538,1359196349
1000,sayan dutta,1003,1723909551,1359196823
1003,HARI PRAKASH REDDY POTHIREDDY,1004,1723908953,1359173755
1001,Abhyuday Shukla,1005,1723910156,1359219467
1005,Pranav Raj,1006,1723909901,1359209906
1004,VENNU SHYAM KUMAR,1007,1723910222,1359221933
1006,Harshit Shah,1008,1723910223,1359221938
1009,CODE GEASS,1009,1723909967,1359212379
1008,Mohit_Anand_3005,1010,1723909994,1359213360
1007,c0mmand,1011,1723910015,1359214145
1013,Parkhiya Parth,1012,1723910027,1359214576
1012,ifrah_763,1013,1723908832,1359168986
1010,Sheng Ju Chen,1014,1723910063,1359215956
1011,Edward Jiwook Kim,1015,1723910080,1359216604
1014,Profix_aaaa,1016,1723910113,1359217850
1015,Victor,1017,1723910163,1359219726
1016,Yash Siwach,1018,1723909917,1359210527
1017,Ronit Nandi,1019,1723910221,1359221868
1018,Mohamed Shata,1020,1723909631,1359199879
1019,Rutuja Madane,1021,1723910252,1359223052
1022,Himanshu Nagwanshi,1022,1723910254,1359223121
1020,Thanh Le,1023,1723910277,1359224021
1021,Palash Shah,1024,1723910076,1359216483
1024,009_Ajeet,1025,1723909829,1359207310
1026,Artur,1026,1723910129,1359218461
1023,unlitcode,1027,1723910147,1359219153
1027,Rathul Chowdhury,1028,1723910156,1359219458
1025,Shubhanker Tiwari,1029,1723910160,1359219587
1029,dlsy53Hh9c,1030,1723910193,1359220824
1028,Singhaniya123,1031,1723909298,1359187273
1030,adarshn000,1032,1723910204,1359221261
1031,zty122,1033,1723910209,1359221441
1034,TusharM444,1034,1723908208,1359142808
1032,BitterSugar,1035,1723909317,1359187930
1033,satyam_bhaiiiiii,1036,1723909324,1359188217
1035,PrathamJain,1037,1723910225,1359222015
1036,adsulswapnil27,1038,1723909337,1359188716
1038,Yuxtar,1039,1723909946,1359211573
1037,Aayush Gupta,1040,1723910247,1359222852
1039,Ayush Kumar Singh,1041,1723909357,1359189453
1044,Utkarsh Bajpai,1042,1723910273,1359223882
1040,jum,1043,1723908792,1359167313
1041,Aman Singh,1044,1723909995,1359213372
1043,Vidit Jain,1045,1723909714,1359202983
1048,Utkarsh Singh,1046,1723910319,1359225719
1042,Praveen seervi,1047,1723909436,1359192503
1045,NimishPrakash,1048,1723909738,1359203919
1046,Sai Vishwas,1049,1723910038,1359215008
1047,Shashank Dewangan,1050,1723909962,1359212213
1049,Himanshu Adhikari,1051,1723910296,1359224803
1050,LuciferVivek,1052,1723910298,1359224898
1051,Syed Najam U Saqib,1053,1723910066,1359216093
1052,Sunny Kumar,1054,1723910113,1359217855
1053,Suganth A,1055,1723910135,1359218719
1055,Aditya Maurya,1056,1723909679,1359201696
1054,Dhananjoy Dey,1057,1723907292,1359100278
1056,jack_sparrow_23,1058,1723909471,1359193867
1057,Rahul,1059,1723910083,1359216735
1058,FNUAmanraj,1060,1723910107,1359217628
1059,Ritik Chaurasia,1061,1723909518,1359195584
1060,Harsh Mathur,1062,1723909910,1359210267
1062,Pranshu kumar,1063,1723909995,1359213371
1063,Deva_Agulla,1064,1723910081,1359216671
1061,triggered18101,1065,1723908325,1359147872
1064,Shinya Sato,1066,1723910224,1359221991
1065,Dhrishita,1067,1723910031,1359214757
1066,Kashyap Sukshavasi,1068,1723910073,1359216349
1067,Khushi Kumari,1069,1723909990,1359213190
1068,Mr_Roamer,1070,1723910232,1359222271
1070,Dan,1071,1723910239,1359222564
1069,Asacker,1072,1723909855,1359208276
1071,Aryan Srivastava,1073,1723910273,1359223887
1072,atharv23456x,1074,1723910051,1359215491
1073,1OSIejfmLK,1075,1723910303,1359225080
1076,Syed Mohammad Wali,1076,1723910011,1359213973
1075,Aditya Sharma,1077,1723910311,1359225407
1074,Vineet Motwani,1078,1723910335,1359226367
1077,Jayant Khandelwal,1079,1723908845,1359169500
1078,Diptiranjan,1080,1723909448,1359192913
1079,ayush,1081,1723910353,1359227122
1080,rahulkaushik1817,1082,1723910356,1359227225
1081,Ghanshyam Gupta,1083,1723910357,1359227261
1082,tlecodes,1084,1723910358,1359227296
1083,Yashash Pugalia,1085,1723909762,1359204824
1085,Harsh Karwa,1086,1723909764,1359204889
1084,twitch_tv_qiqi_impact,1087,1723910067,1359216104
1087,Tz-Jiun Chiou,1088,1723909769,1359205086
1086,Tanishq Dublish,1089,1723910383,1359228576
1088,Anubhav,1090,1723910086,1359216845
1090,ujjwal kumar pandey,1091,1723910388,1359228807
1089,Kartikey gupta,1092,1723910397,1359229320
1093,Chirag Saini,1093,1723910128,1359218442
1091,xiuyu130,1094,1723909538,1359196349
1092,sayan dutta,1095,1723909551,1359196823
1094,HARI PRAKASH REDDY POTHIREDDY,1096,1723908953,1359173755
1095,Abhyuday Shukla,1097,1723910156,1359219467
1099,Pranav Raj,1098,1723909901,1359209906
1096,VENNU SHYAM KUMAR,1099,1723910222,1359221933
1097,Ananya Garg,1100,1723908038,1359135463
1100,Parth Raut,1101,1723908411,1359151461
1098,Samrach,1102,1723908450,1359153161
1101,kasturi_2906,1103,1723908451,1359153183
1102,Sumeet,1104,1723908441,1359152822
1105,Mourya_sai,1105,1723909006,1359175872
1104,CS_MONK,1106,1723909329,1359188402
1103,MANAS SINGH,1107,1723909396,1359190982
1106,tanishag111,1108,1723908831,1359168934
1107,Harsh Mishra,1109,1723909471,1359193852
1108,Sidhartha S,1110,1723907713,1359120942
1110,Manjot Singh,1111,1723909254,1359185485
1109,Pild,1112,1723908674,1359162441
1111,Harshit,1113,1723909370,1359189968
1112,HASSAN,1114,1723907886,1359128703
1113,Pothuri Vishnu Viswanath,1115,1723908495,1359155058
1117,AshPikachuu,1116,1723909528,1359195981
1115,Ashwina Ashish,1117,1723909534,1359196213
1114,prannarayan3163,1118,1723910147,1359219148
1116,Gaurav Sonawane  ,1119,1723908362,1359149397
1118,LatheeshSaran,1120,1723910184,1359220485
1120,Stephen Paul Jesuadian I,1121,1723910005,1359213765
1119,Chetan khulage,1122,1723908648,1359161374
1121,Anmol Yadav,1123,1723910174,1359220110
1122,Filip Bujaroski,1124,1723908952,1359173715
1123,Victor,1125,1723910163,1359219726
1124,Yash Siwach,1126,1723909917,1359210527
1125,Ronit Nandi,1127,1723910221,1359221868
1127,Mohamed Shata,1128,1723909631,1359199879
1126,Rutuja Madane,1129,1723910252,1359223052
1129,Himanshu Nagwanshi,1130,1723910254,1359223121
1128,Thanh Le,1131,1723910277,1359224021
1130,Zenchin Yang,1132,1723910319,1359225714
1132,Hritik Kaushik,1133,1723910341,1359226601
1131,Palash Shah,1134,1723910076,1359216483
1133,nikeshgangwar,1135,1723910392,1359229057
1137,Gaurav Verma,1136,1723910397,1359229298
1134,Thanapat Techataweekul,1137,1723910397,1359229322
1139,Akshat Madhani,1138,1723910107,1359217645
1135,Sameer Kumar,1139,1723910112,1359217833
1136,Sarit Santra,1140,1723910140,1359218896
1138,d_yadav,1141,1723910141,1359218933
1140,Arnav,1142,1723909546,1359196659
1141,Joe Mama,1143,1723910216,1359221697
1142,Raghavendra Velpugonda,1144,1723910260,1359223378
1144,Swasthik Mohanty,1145,1723909962,1359212193
1143,Aditya Raj,1146,1723909974,1359212649
1145,KeshavChib,1147,1723910278,1359224078
1149,Vishwajeet Karan,1148,1723909990,1359213192
1146,Arjit Khare,1149,1723909103,1359179689
1147,EeshanSingh,1175,1723910395,1359229183
1148,FNUAmanraj,1176,1723910107,1359217628
1152,Ritik Chaurasia,1177,1723909518,1359195584
1150,Harsh Mathur,1178,1723909910,1359210267
1153,Pranshu kumar,1179,1723909995,1359213371
1151,Yogesh Jangir,1180,1723910333,1359226296
1155,Suyash Khare,1181,1723910371,1359228003
1154,Deva_Agulla,1182,1723910081,1359216671
1156,Lakshit Joshi,1183,1723910387,1359228778
1157,triggered18101,1184,1723908325,1359147872
1158,Shinya Sato,1185,1723910224,1359221991
1160,moaz12345,1186,1723910310,1359225392
1161,Atanu Maity,1187,1723910317,1359225621
1159,Yashank Singh,1188,1723910322,1359225840
1162,Dhrishita,1189,1723910031,1359214757
1166,Vlad,1190,1723910343,1359226645
1164,Raj Mishra,1191,1723910372,1359228038
1163,ni-shant1,1192,1723910373,1359228060
1169,Kashyap Sukshavasi,1193,1723910073,1359216349
1168,Khushi Kumari,1194,1723909990,1359213190
1165,Sahil Singh,1195,1723910361,1359227458
1167,Dan,1196,1723910239,1359222564
1170,Manish Rana,1197,1723910371,1359227971
1171,Gyan_kushwaha,1198,1723910386,1359228734
1172,Ranjan V,1199,1723910388,1359228843
1173,12112160,1275,1723910087,1359216897
